{
  "stiff_quadratic [synthetic]": {
    "tuned_lr": {
      "adam": 0.03,
      "v3": 0.03,
      "v4": 0.03
    },
    "fresh": {
      "adam": [
        6.985494405142845e-09,
        5.359654497993915e-09,
        3.012419256265275e-06,
        3.677070592456033e-10,
        0.7933527827262878,
        5.009630904551088e-11,
        0.9530989527702332,
        7.140025792828908e-10
      ],
      "v3": [
        4.316408376325853e-05,
        6.180526543175802e-05,
        0.00048544330638833344,
        0.0002158562419936061,
        0.0006252831663005054,
        3.817890683421865e-05,
        8.972677278507035e-06,
        5.073901775176637e-05
      ],
      "v4": [
        6.019172271720663e-09,
        5.80735193267401e-09,
        3.091970029345248e-06,
        3.3381009068023104e-10,
        0.7944231033325195,
        4.121731775330595e-11,
        0.9542766809463501,
        6.331177249130349e-10
      ]
    },
    "v4_vs_adam": {
      "paired_t": -1.5252772121349918,
      "v4_wins_of": [
        4,
        8
      ]
    }
  },
  "rotating_field [synthetic]": {
    "tuned_lr": {
      "adam": 0.03,
      "v3": 0.03,
      "v4": 0.03
    },
    "fresh": {
      "adam": [
        0.012788217514753342,
        0.00022933699074201286,
        0.06014074385166168,
        0.005980315618216991,
        0.02169828675687313,
        0.0009406789322383702,
        0.016541918739676476,
        0.0030212667770683765
      ],
      "v3": [
        0.0032787080854177475,
        5.470510950544849e-05,
        0.0356299951672554,
        0.0045976596884429455,
        0.014461501501500607,
        0.0005063649732619524,
        0.010048680938780308,
        0.003786524059250951
      ],
      "v4": [
        0.0051904343999922276,
        0.00020768673857674003,
        0.04576505348086357,
        0.005323516204953194,
        0.021252820268273354,
        0.0007626218139193952,
        0.016237309202551842,
        0.002810642123222351
      ]
    },
    "v4_vs_adam": {
      "paired_t": 1.5959605400611327,
      "v4_wins_of": [
        8,
        8
      ]
    }
  },
  "digits_mlp [real data]": {
    "tuned_lr": {
      "adam": 0.01,
      "v3": 0.003,
      "v4": 0.01
    },
    "fresh": {
      "adam": [
        0.0993887186050415,
        0.07661475986242294,
        0.07506784051656723,
        0.10902874916791916,
        0.13391806185245514,
        0.08370022475719452,
        0.184248685836792,
        0.13359980285167694
      ],
      "v3": [
        0.09800726920366287,
        0.09061725437641144,
        0.090720035135746,
        0.10564406216144562,
        0.1272742748260498,
        0.09192788600921631,
        0.13454100489616394,
        0.10885968804359436
      ],
      "v4": [
        0.09677281975746155,
        0.07732181251049042,
        0.07299168407917023,
        0.1115763708949089,
        0.13511976599693298,
        0.08584211766719818,
        0.17445141077041626,
        0.1316075623035431
      ]
    },
    "v4_vs_adam": {
      "paired_t": 0.873876291360164,
      "v4_wins_of": [
        4,
        8
      ]
    }
  },
  "teacher_student [synthetic]": {
    "tuned_lr": {
      "adam": 0.03,
      "v3": 0.03,
      "v4": 0.01
    },
    "fresh": {
      "adam": [
        0.0006745696300640702,
        0.0012380436528474092,
        0.0006508200312964618,
        0.0007817120058462024,
        0.0009050528751686215,
        0.0007871227571740746,
        0.0004109512665309012,
        0.0007562015089206398
      ],
      "v3": [
        0.00041748344665393233,
        0.0006760011310689151,
        0.0004265977186150849,
        0.0006862239097245038,
        0.0004327657225076109,
        0.000592597178183496,
        0.00028642089455388486,
        0.0006725669372826815
      ],
      "v4": [
        0.0008545335149392486,
        0.001119792927056551,
        0.0006878465064801276,
        0.0010472930734977126,
        0.0009140920592471957,
        0.001017194241285324,
        0.000638116616755724,
        0.001019469229504466
      ]
    },
    "v4_vs_adam": {
      "paired_t": -2.7092774482765463,
      "v4_wins_of": [
        1,
        8
      ]
    }
  }
}