{
  "quadratic_200": {
    "Adam": {
      "lr": 0.03,
      "mean_loss": 0.002335391705855727,
      "std_loss": 0.0
    },
    "AdamW": {
      "lr": 0.03,
      "mean_loss": 0.007941179908812046,
      "std_loss": 0.0
    },
    "V2": {
      "lr": 0.03,
      "mean_loss": 0.0018861667485907674,
      "std_loss": 0.0
    },
    "SDS": {
      "lr": 0.03,
      "mean_loss": 0.0020945726428180933,
      "std_loss": 0.0
    },
    "V3": {
      "lr": 0.03,
      "mean_loss": 6.646996553172357e-06,
      "std_loss": 0.0
    },
    "V3-solo": {
      "lr": 0.03,
      "mean_loss": 0.0006009662174619734,
      "std_loss": 0.0
    },
    "V3-fields-nogate": {
      "lr": 0.03,
      "mean_loss": 0.0008005074923858047,
      "std_loss": 0.0
    },
    "V3-cautious-only": {
      "lr": 0.03,
      "mean_loss": 1.6265005342575023e-07,
      "std_loss": 0.0
    }
  },
  "ill_conditioned_quad": {
    "Adam": {
      "lr": 0.03,
      "mean_loss": 8.177757263183594e-05,
      "std_loss": 0.0
    },
    "AdamW": {
      "lr": 0.01,
      "mean_loss": 7.05718994140625e-05,
      "std_loss": 0.0
    },
    "V2": {
      "lr": 0.003,
      "mean_loss": 0.0003409385681152344,
      "std_loss": 0.0
    },
    "SDS": {
      "lr": 0.003,
      "mean_loss": 0.0002410411834716797,
      "std_loss": 0.0
    },
    "V3": {
      "lr": 0.01,
      "mean_loss": 1e-16,
      "std_loss": 0.0
    },
    "V3-solo": {
      "lr": 0.01,
      "mean_loss": 1e-16,
      "std_loss": 0.0
    },
    "V3-fields-nogate": {
      "lr": 0.03,
      "mean_loss": 3.337860107421875e-06,
      "std_loss": 0.0
    },
    "V3-cautious-only": {
      "lr": 0.03,
      "mean_loss": 1e-16,
      "std_loss": 0.0
    }
  },
  "rosenbrock": {
    "Adam": {
      "lr": 0.03,
      "mean_loss": 0.30109272058762143,
      "std_loss": 0.5518331656185025
    },
    "AdamW": {
      "lr": 0.03,
      "mean_loss": 0.19160082270391285,
      "std_loss": 0.22512786577911503
    },
    "V2": {
      "lr": 0.03,
      "mean_loss": 0.24067353631107835,
      "std_loss": 0.4422401637543453
    },
    "SDS": {
      "lr": 0.03,
      "mean_loss": 0.2916201988304238,
      "std_loss": 0.5356489417308775
    },
    "V3": {
      "lr": 0.03,
      "mean_loss": 0.221127526414341,
      "std_loss": 0.3924116218413533
    },
    "V3-solo": {
      "lr": 0.03,
      "mean_loss": 0.23929022162155889,
      "std_loss": 0.4272396047460543
    },
    "V3-fields-nogate": {
      "lr": 0.03,
      "mean_loss": 0.27249434919435556,
      "std_loss": 0.4914822511227403
    },
    "V3-cautious-only": {
      "lr": 0.03,
      "mean_loss": 0.28364534705624467,
      "std_loss": 0.5173137019077705
    }
  },
  "clusters_noisy_testacc": {
    "Adam": {
      "lr": 0.003,
      "mean_loss": 0.4112921118736267,
      "std_loss": 0.055593250890820164,
      "mean_acc": 0.9037500023841858,
      "std_acc": 0.016105117301807498
    },
    "AdamW": {
      "lr": 0.003,
      "mean_loss": 0.41123695969581603,
      "std_loss": 0.05552690298092042,
      "mean_acc": 0.9037500023841858,
      "std_acc": 0.016105117301807498
    },
    "V2": {
      "lr": 0.003,
      "mean_loss": 0.41139142513275145,
      "std_loss": 0.05571807121197384,
      "mean_acc": 0.9037500023841858,
      "std_acc": 0.016105117301807498
    },
    "SDS": {
      "lr": 0.003,
      "mean_loss": 0.4113088071346283,
      "std_loss": 0.05561221485923937,
      "mean_acc": 0.9037500023841858,
      "std_acc": 0.016105117301807498
    },
    "V3": {
      "lr": 0.003,
      "mean_loss": 0.41348572373390197,
      "std_loss": 0.056700780673713994,
      "mean_acc": 0.9037500023841858,
      "std_acc": 0.016105117301807498
    },
    "V3-solo": {
      "lr": 0.003,
      "mean_loss": 0.4111459791660309,
      "std_loss": 0.055433937127427634,
      "mean_acc": 0.9037500023841858,
      "std_acc": 0.016105117301807498
    },
    "V3-fields-nogate": {
      "lr": 0.003,
      "mean_loss": 0.41110084652900697,
      "std_loss": 0.05546767912261864,
      "mean_acc": 0.9037500023841858,
      "std_acc": 0.016105117301807498
    },
    "V3-cautious-only": {
      "lr": 0.003,
      "mean_loss": 0.4137075304985046,
      "std_loss": 0.056785495540014115,
      "mean_acc": 0.9037500023841858,
      "std_acc": 0.016105117301807498
    }
  },
  "digits_mlp_testacc": {
    "Adam": {
      "lr": 0.03,
      "mean_loss": 0.10072612166404724,
      "std_loss": 0.03121986834592996,
      "mean_acc": 0.97833331823349,
      "std_acc": 0.007934923759060932
    },
    "AdamW": {
      "lr": 0.01,
      "mean_loss": 0.07794400602579117,
      "std_loss": 0.01986826205547918,
      "mean_acc": 0.9761111021041871,
      "std_acc": 0.003333334128073773
    },
    "V2": {
      "lr": 0.01,
      "mean_loss": 0.08067404627799987,
      "std_loss": 0.022717090704452103,
      "mean_acc": 0.9766666650772095,
      "std_acc": 0.005152010932310212
    },
    "SDS": {
      "lr": 0.03,
      "mean_loss": 0.11150009781122208,
      "std_loss": 0.053821828635062886,
      "mean_acc": 0.979444432258606,
      "std_acc": 0.006478834030354832
    },
    "V3": {
      "lr": 0.01,
      "mean_loss": 0.08000015169382095,
      "std_loss": 0.026327012783469838,
      "mean_acc": 0.9788888931274414,
      "std_acc": 0.004157407999623284
    },
    "V3-solo": {
      "lr": 0.01,
      "mean_loss": 0.08141215443611145,
      "std_loss": 0.02124460399189166,
      "mean_acc": 0.9772222161293029,
      "std_acc": 0.00509175372038444
    },
    "V3-fields-nogate": {
      "lr": 0.01,
      "mean_loss": 0.08348810970783234,
      "std_loss": 0.020864379419165493,
      "mean_acc": 0.9755555629730225,
      "std_acc": 0.005665573392820121
    },
    "V3-cautious-only": {
      "lr": 0.01,
      "mean_loss": 0.07768699377775193,
      "std_loss": 0.027280133621323564,
      "mean_acc": 0.9800000071525574,
      "std_acc": 0.005091738112224643
    }
  },
  "teacher_student_mse": {
    "Adam": {
      "lr": 0.01,
      "mean_loss": 0.0086311100050807,
      "std_loss": 0.0010702613315304538
    },
    "AdamW": {
      "lr": 0.01,
      "mean_loss": 0.008601798675954342,
      "std_loss": 0.001077971458393805
    },
    "V2": {
      "lr": 0.01,
      "mean_loss": 0.008658069372177123,
      "std_loss": 0.001208327247512724
    },
    "SDS": {
      "lr": 0.01,
      "mean_loss": 0.00862348908558488,
      "std_loss": 0.0010658319189378812
    },
    "V3": {
      "lr": 0.01,
      "mean_loss": 0.007847268879413605,
      "std_loss": 0.000473184735470053
    },
    "V3-solo": {
      "lr": 0.01,
      "mean_loss": 0.008708320371806622,
      "std_loss": 0.0010383458019729013
    },
    "V3-fields-nogate": {
      "lr": 0.01,
      "mean_loss": 0.008884716033935546,
      "std_loss": 0.0010957811199840206
    },
    "V3-cautious-only": {
      "lr": 0.01,
      "mean_loss": 0.007858948595821858,
      "std_loss": 0.00044055259330157517
    }
  },
  "digits_cnn_testacc": {
    "Adam": {
      "lr": 0.003,
      "mean_loss": 0.04450475536286831,
      "std_loss": 0.01406685362919951,
      "mean_acc": 0.9883333206176758,
      "std_acc": 0.0032394139485445485
    },
    "AdamW": {
      "lr": 0.003,
      "mean_loss": 0.0442352794110775,
      "std_loss": 0.014448798904216839,
      "mean_acc": 0.9872222185134888,
      "std_acc": 0.0022222280502319333
    },
    "V2": {
      "lr": 0.01,
      "mean_loss": 0.03610409079119563,
      "std_loss": 0.024132574078559208,
      "mean_acc": 0.9905555486679077,
      "std_acc": 0.005443310215104216
    },
    "SDS": {
      "lr": 0.01,
      "mean_loss": 0.03904111292213201,
      "std_loss": 0.021722570918888733,
      "mean_acc": 0.9911110997200012,
      "std_acc": 0.006431028099279776
    },
    "V3": {
      "lr": 0.003,
      "mean_loss": 0.044080048054456714,
      "std_loss": 0.017317584485046174,
      "mean_acc": 0.9877777695655823,
      "std_acc": 0.005719802576390071
    },
    "V3-solo": {
      "lr": 0.003,
      "mean_loss": 0.04292861707508564,