{
  "teacher_student_mse": {
    "runs": {
      "Adam": {
        "lr": 0.01,
        "loss": [
          0.008930269628763199,
          0.009485493414103985,
          0.010481861419975758,
          0.011703490279614925,
          0.009344763122498989,
          0.009671103209257126,
          0.005770794115960598,
          0.01113719679415226,
          0.010689816437661648,
          0.009201815351843834
        ],
        "acc": null
      },
      "V3-solo": {
        "lr": 0.01,
        "loss": [
          0.008926845155656338,
          0.009593931026756763,
          0.010596800595521927,
          0.011773637495934963,
          0.0088582132011652,
          0.009689781814813614,
          0.0060375104658305645,
          0.011539428494870663,
          0.010739844292402267,
          0.009200471453368664
        ],
        "acc": null
      },
      "AdamW": {
        "lr": 0.01,
        "loss": [
          0.008951461873948574,
          0.009423385374248028,
          0.010367877781391144,
          0.011632668785750866,
          0.009236735291779041,
          0.009599420242011547,
          0.005744304042309523,
          0.011142668314278126,
          0.010536601766943932,
          0.009230337105691433
        ],
        "acc": null
      },
      "V3": {
        "lr": 0.01,
        "loss": [
          0.008530845865607262,
          0.007763546891510487,
          0.009038261137902737,
          0.00999181717634201,
          0.008299898356199265,
          0.008268332108855247,
          0.005763886030763388,
          0.008882774971425533,
          0.007932698354125023,
          0.009368963539600372
        ],
        "acc": null
      },
      "V2": {
        "lr": 0.01,
        "loss": [
          0.00889922957867384,
          0.009738137014210224,
          0.01098989974707365,
          0.011735592037439346,
          0.00933007337152958,
          0.009791072458028793,
          0.005665250588208437,
          0.011429277248680592,
          0.010289664380252361,
          0.009233150631189346
        ],
        "acc": null
      }
    },
    "comparisons": {
      "V3-solo_vs_Adam": {
        "wins": 3,
        "ties": 0,
        "n": 10,
        "mean_diff": -5.3986022248864177e-05,
        "paired_t": -0.7444719707406953
      },
      "V3-solo_vs_AdamW": {
        "wins": 3,
        "ties": 0,
        "n": 10,
        "mean_diff": -0.000109100341796875,
        "paired_t": -1.5971166105083225
      },
      "V3-solo_vs_V2": {
        "wins": 5,
        "ties": 0,
        "n": 10,
        "mean_diff": 1.4488305896520615e-05,
        "paired_t": 0.15737567066531702
      },
      "V3_vs_Adam": {
        "wins": 9,
        "ties": 0,
        "n": 10,
        "mean_diff": 0.0012575579341500998,
        "paired_t": 4.193014457984401
      },
      "V3_vs_AdamW": {
        "wins": 8,
        "ties": 0,
        "n": 10,
        "mean_diff": 0.001202443614602089,
        "paired_t": 4.168155363140426
      },
      "V3_vs_V2": {
        "wins": 8,
        "ties": 0,
        "n": 10,
        "mean_diff": 0.0013260322622954846,
        "paired_t": 4.2530373658554295
      }
    }
  },
  "digits_mlp_testacc": {
    "runs": {
      "Adam": {
        "lr": 0.03,
        "loss": [
          0.3713057339191437,
          0.0276181697845459,
          0.04119480401277542,
          0.0957309752702713,
          0.0993998721241951,
          0.23031991720199585,
          0.057149313390254974,
          0.11141104251146317,
          0.03725404664874077,
          0.18875303864479065
        ],
        "acc": [
          0.9472222328186035,
          0.9833333492279053,
          0.9944444298744202,
          0.9750000238418579,
          0.980555534362793,
          0.9611111283302307,
          0.9916666746139526,
          0.9722222089767456,
          0.9861111044883728,
          0.9666666388511658
        ]
      },
      "V3-solo": {
        "lr": 0.01,
        "loss": [
          0.10862244665622711,
          0.044606197625398636,
          0.046255286782979965,
          0.04968816787004471,
          0.12035055458545685,
          0.17348402738571167,
          0.07089965790510178,
          0.11571534723043442,
          0.04914455488324165,
          0.1653601974248886
        ],
        "acc": [
          0.9638888835906982,
          0.980555534362793,
          0.9916666746139526,
          0.9861111044883728,
          0.9694444537162781,
          0.9638888835906982,
          0.9888888597488403,
          0.9722222089767456,
          0.980555534362793,
          0.9666666388511658
        ]
      },
      "AdamW": {
        "lr": 0.01,
        "loss": [
          0.11537571251392365,
          0.04460076242685318,
          0.055353350937366486,
          0.05693767964839935,
          0.13344301283359528,
          0.16830457746982574,
          0.07894763350486755,
          0.11310115456581116,
          0.047444649040699005,
          0.15853072702884674
        ],
        "acc": [
          0.9638888835906982,
          0.9833333492279053,
          0.9861111044883728,
          0.9861111044883728,
          0.9694444537162781,
          0.9611111283302307,
          0.9888888597488403,
          0.9694444537162781,
          0.980555534362793,
          0.9611111283302307
        ]
      },
      "V3": {
        "lr": 0.01,
        "loss": [
          0.10673904418945312,
          0.0455671027302742,
          0.043307967483997345,
          0.05212483927607536,
          0.141999289393425,
          0.1772077977657318,
          0.06344622373580933,
          0.13982021808624268,
          0.03596942871809006,
          0.18370071053504944
        ],
        "acc": [
          0.9666666388511658,
          0.980555534362793,
          0.9888888597488403,
          0.9888888597488403,
          0.9694444537162781,
          0.9583333134651184,
          0.9916666746139526,
          0.9722222089767456,
          0.9888888597488403,
          0.9583333134651184
        ]
      },
      "V2": {
        "lr": 0.01,
        "loss": [
          0.11946534365415573,
          0.04204552620649338,
          0.05424243584275246,
          0.05171449854969978,
          0.13610391318798065,
          0.1738070547580719,
          0.06164669990539551,
          0.11561326682567596,
          0.047075770795345306,
          0.16367758810520172
        ],
        "acc": [
          0.9583333134651184,
          0.9833333492279053,
          0.9916666746139526,
          0.9861111044883728,
          0.9722222089767456,
          0.9638888835906982,
          0.9944444298744202,
          0.9694444537162781,
          0.980555534362793,
          0.9638888835906982
        ]
      }
    },
    "comparisons": {
      "V3-solo_vs_Adam": {
        "wins": 3,
        "ties": 2,
        "n": 10,
        "mean_diff": 0.0005555450916290283,
        "paired_t": 0.21821405012766648
      },
      "V3-solo_vs_AdamW": {
        "wins": 4,
        "ties": 5,
        "n": 10,
        "mean_diff": 0.0013888776302337646,
        "paired_t": 1.6269661120025498
      },
      "V3-solo_vs_V2": {
        "wins": 3,
        "ties": 4,
        "n": 10,
        "mean_diff": -5.960464477539063e-09,
        "paired_t": -5.87642062184194e-06
      },
      "V3_vs_Adam": {
        "wins": 3,
        "ties": 2,
        "n": 10,
        "mean_diff": 0.0005555391311645508,
        "paired_t": 0.18463213403080128
      },
      "V3_vs_AdamW": {
        "wins": 6,
        "ties": 1,
        "n": 10,
        "mean_diff": 0.0013888716697692872,
        "paired_t": 1.2456630263827526
      },
      "V3_vs_V2": {
        "wins": 4,
        "ties": 0,
        "n": 10,
        "mean_diff": -1.1920928955078126e-08,
        "paired_t": -7.197122453520033e-06
      }
    }
  },
  "clusters_noisy_testacc": {
    "runs": {
      "Adam": {
        "lr": 0.003,